<?xml version="1.0" encoding="UTF-8"?><metadata>
<idinfo>
<citation>
<citeinfo>
<origin/>
<origin/>
<title>Address Points - MAR (AddressPt)</title>
<geoform>vector digital data</geoform>
<pubinfo>
<publish>DC GIS</publish>
</pubinfo>
<onlink>http://dcatlas.dcgis.dc.gov/catalog/download.asp?downloadName=AddressPt&amp;downloadTYPE=ESRI</onlink>
<onlink>http://dcatlas.dcgis.dc.gov/catalog/download.asp?downloadName=AddressPt&amp;downloadTYPE=KMZ</onlink>
</citeinfo>
</citation>
<descript>
<abstract>Address Point locations. The dataset contains locations and attributes of Address points, created as part of the Master Address Repository (MAR) for the D.C. Office of the Chief Technology Officer (OCTO) and DC Department of Consumer and Regulatory Affairs . It contains the addresses in the District of Columbia which are typically placed on the buildings. More information on the MAR can be found at http://dcgis.dc.gov.</abstract>
<purpose>Address points in the District of Columbia which are typically placed on the buildings.</purpose>
<supplinf>MAR FAQ is located at: http://octo.dc.gov/DC/OCTO/Agency+Support/IT+Standards/Geography+Standards/Frequently+Asked+Questions+(FAQ)+of+the+MAR One important item is the status of the address. The MAR contains more addresses than are active so the following informaiton will help users determine the current addresses for the District. What do the different statuses in the address table mean? - ACTIVE - addresses for buildings which are standing. The overwhelming majority of addresses have the 'ACTIVE' status. - RECOMMENDED - addresses which have been recommended (suggested) by a DC GIS employee for approval by DCRA. - ASSIGNED - addresses which have been assigned (approved) by DCRA, but whose buildings have not yet been constructed. - RETIRE - addresses for buildings that have been demolished or for addresses which represented space which has since been occupied by a different address (example: a retail store closing and being taken over by a neighboring store which knocks the wall down) - TEMPORARY - addresses which will exist for a relatively short period of time. Construction trailers, special event tents may be given this TEMPORARY designation. - MISTAKE - addresses which are incorrect. These MISTAKE addresses are automatically deleted each and every evening. These MISTAKE addresses are due to incorrect data being entered using the MAR Maintenance Tool.</supplinf>
</descript>
<status>
<progress>Complete</progress>
<update>Weekly</update>
</status>
<spdom>
<bounding>
<westbc>-77.114311</westbc>
<eastbc>-76.909628</eastbc>
<northbc>38.995547</northbc>
<southbc>38.812209</southbc>
</bounding>
</spdom>
<keywords>
<theme>
<themekt>None</themekt>
<themekey>Addresspts</themekey>
<themekey>Building Number</themekey>
<themekey>Street Address</themekey>
<themekey>Address</themekey>
<themekey>Street Number</themekey>
<themekey>Quadrant</themekey>
<themekey>Address Location</themekey>
<themekey>Address Point</themekey>
<themekey>location</themekey>
<themekey>Street Type</themekey>
</theme>
<theme>
<themekt>ISO 19115 Topic Categories</themekt>
<themekey>location</themekey>
</theme>
<place>
<placekt>None</placekt>
<placekey>DCGIS</placekey>
<placekey>DC</placekey>
<placekey>DC GIS</placekey>
<placekey>Washington</placekey>
<placekey>D.C.</placekey>
<placekey>District of Columbia</placekey>
</place>
</keywords>
<accconst>None</accconst>
<useconst>This work is licensed under a Creative Commons Attribution 4.0 International License.</useconst>
<ptcontac>
<cntinfo>
<cntorgp>
<cntorg>D.C. Office of the Chief Technology Officer</cntorg>
<cntper>GIS Data Coordinator</cntper>
</cntorgp>
<cntaddr>
<addrtype>mailing and physical</addrtype>
<address>4th St NW, Suite 930 South</address>
<city>Washington</city>
<state>DC</state>
<postal>20001</postal>
<country>US</country>
</cntaddr>
<cntfax>(202) 727-5660</cntfax>
<cntemail>dcgis@dc.gov</cntemail>
<hours>8:30 am - 5:30 pm</hours>
</cntinfo>
</ptcontac>
<datacred>DC Department of Consumer and Regulatory Affairs DC Office of the Chief Technology Officer</datacred>
<native>Microsoft Windows 2000 Version 5.2 (Build 3790) Service Pack 2; ESRI ArcCatalog 9.3.1.4000</native>
</idinfo>
<dataqual>
<attracc>
<attraccr>Data believed to be complete and accurate, subject to change. In process of validation by source and/or responsible agency. OCTO GIS performed several first round QA/QC to check the completeness and accuracy of the address points. 1. Quad Test - Test the Quadrant field in the data against the DC quad geography to see which address points are located in the wrong quadrant. 2. Ward Test - Test the Ward field in the data against the Ward geography to see which address points are located in the wrong ward. 3. Street Name Test - Select address points on street name and, based on clustering, see which address points do not fall along the selected street corridors. This test was performed for all A to W streets, 1st to 63rd streets, all state named avenues, most major roads, and random local streets. 4. Address Number Test - Select address points by unit block and, based on clustering, to check which address points do not fall along selected address range corridors. 5. Water Test - Select which address points intersect waterbodies. 6. Building Test - Since most address points should occur in buildings, select points that do not intersect a building. This test just flags points for further review. 7. Road Test - Select where address points intersect road polygons. Since dated planimetrics were used in the test, the results mostly flagged data for further research. OCTO GIS also performed a detailed visual inspection of the city. This identified areas missing address points. OCTO GIS provided a report detailing the findings of the tests and a map showing the coded points and areas of omission. Upon final delivery of the data, OCTO GIS performed several QA/QC to check the completeness and accuracy of the address points. 1. Address Identifier Check - Perform a summation on the address key field (ADDRESS_ID) and review for uniqueness and null values. 2. Address Range Check - Check for address numbers outside of the acceptable DC range, 1 through 8500. 3. Address Suffix Check - Check Address suffix for discrepancies. 4. Address Test - Compare the street name to the DDOT street list. 5. Address Test - Compare the street name and type to the DDOT street list. 6. Address Test - Compare the street name, type, and quad to the DDOT street list. 7. Quad Test - Test the Quadrant field in the data against the DC quad geography to see which address points are located in the wrong quadrant. From these tests, several records were flagged with incorrect values or locations. These errors were fixed before OCTO generated a new address point layer.</attraccr>
</attracc>
<logic>Validated by source and/or responsible agency</logic>
<complete>Currently, the addresspts layer representing MAR ( Master Address Repository) addresses has 135,480 address. The file is approximately 99% complete and contains locations with full addresses ( 900 Pennsylvania Avenue NW) and partial addresses (Washington Monument). These are the categories of missing addresses currently: - New Development Areas in Southeast Quadrant - Large Apartment and Condo Complexes - Random individual addresses across the District</complete>
<posacc>
<horizpa>
<horizpar>Building centroids were generated using ArcGIS and used to generate the first pass of MAR points. On the second pass, it was found that the OwnerPts were not always on buildings and therefore had to be moved to the building centroids. Wherever building footprints did not exist in the building layer but the building appeared on the ortho, a visual center of the building on the ortho was used.</horizpar>
</horizpa>
<vertacc>
<vertaccr>N/A</vertaccr>
</vertacc>
</posacc>
<lineage>
<srcinfo>
<srccite>
<citeinfo>
<pubdate>20040101</pubdate>
<title>Street File</title>
</citeinfo>
</srccite>
<typesrc>None</typesrc>
<srccitea>Street File</srccitea>
<srccontr>location and attribution</srccontr>
</srcinfo>
<srcinfo>
<srccite>
<citeinfo>
<pubdate>20040101</pubdate>
<title>Registered Vehicles</title>
</citeinfo>
</srccite>
<typesrc>None</typesrc>
<srccitea>Registered Vehicles</srccitea>
<srccontr>location and attribution</srccontr>
</srcinfo>
<srcinfo>
<srccite>
<citeinfo>
<pubdate>20040101</pubdate>
<title>Businesses</title>
</citeinfo>
</srccite>
<typesrc>None</typesrc>
<srccitea>Businesses</srccitea>
<srccontr>location and attribution</srccontr>
</srcinfo>
<srcinfo>
<srccite>
<citeinfo>
<pubdate>20040101</pubdate>
<title>Drivers Licenses</title>
</citeinfo>
</srccite>
<typesrc>None</typesrc>
<srccitea>Drivers Licenses</srccitea>
<srccontr>location and attribution</srccontr>
</srcinfo>
<srcinfo>
<srccite>
<citeinfo>
<pubdate>20040101</pubdate>
<title>New addresses</title>
</citeinfo>
</srccite>
<typesrc>None</typesrc>
<srccitea>New addresses</srccitea>
<srccontr>location and attribution</srccontr>
</srcinfo>
<srcinfo>
<srccite>
<citeinfo>
<pubdate>20040101</pubdate>
<title>Street Centerline</title>
</citeinfo>
</srccite>
<typesrc>None</typesrc>
<srccitea>Street Centerline</srccitea>
<srccontr>location and attribution</srccontr>
</srcinfo>
<srcinfo>
<srccite>
<citeinfo>
<pubdate>20040101</pubdate>
<title>Mobile Video Addresses</title>
</citeinfo>
</srccite>
<typesrc>None</typesrc>
<srccitea>Mobile Video Addresses</srccitea>
<srccontr>location and attribution</srccontr>
</srcinfo>
<srcinfo>
<srccite>
<citeinfo>
<pubdate>20040101</pubdate>
<title>Health Care Safety Net database</title>
</citeinfo>
</srccite>
<typesrc>None</typesrc>
<srccitea>Health Care Safety Net database</srccitea>
<srccontr>location and attribution</srccontr>
</srcinfo>
<srcinfo>
<srccite>
<citeinfo>
<pubdate>20040101</pubdate>
<title>Registered Voters</title>
</citeinfo>
</srccite>
<typesrc>None</typesrc>
<srccitea>Registered Voters</srccitea>
<srccontr>location and attribution</srccontr>
</srcinfo>
<srcinfo>
<srccite>
<citeinfo>
<pubdate>20040101</pubdate>
<title>Property Inventory</title>
</citeinfo>
</srccite>
<typesrc>None</typesrc>
<srccitea>Property Inventory</srccitea>
<srccontr>location and attribution</srccontr>
</srcinfo>
<srcinfo>
<srccite>
<citeinfo>
<pubdate>20040101</pubdate>
<title>Property Owners</title>
</citeinfo>
</srccite>
<typesrc>None</typesrc>
<srccitea>Property Owners</srccitea>
<srccontr>location and attribution</srccontr>
</srcinfo>
<srcinfo>
<srccite>
<citeinfo>
<pubdate>20040101</pubdate>
<title>Mayor's Call Center</title>
</citeinfo>
</srccite>
<typesrc>None</typesrc>
<srccitea>Mayor's Call Center</srccitea>
<srccontr>location and attribution</srccontr>
</srcinfo>
<srcinfo>
<srccite>
<citeinfo>
<pubdate>20040101</pubdate>
<title>Customer File</title>
</citeinfo>
</srccite>
<typesrc>None</typesrc>
<srccitea>Customer File</srccitea>
<srccontr>location and attribution</srccontr>
</srcinfo>
<srcinfo>
<srccite>
<citeinfo>
<pubdate>20040101</pubdate>
<title>Owner Points</title>
</citeinfo>
</srccite>
<typesrc>None</typesrc>
<srccitea>Owner Points</srccitea>
<srccontr>location and attribution</srccontr>
</srcinfo>
<srcinfo>
<srccite>
<citeinfo>
<pubdate>20040101</pubdate>
<title>E 911 Street File</title>
</citeinfo>
</srccite>
<typesrc>None</typesrc>
<srccitea>E 911 Street File</srccitea>
<srccontr>location and attribution</srccontr>
</srcinfo>
<srcinfo>
<srccite>
<citeinfo>
<pubdate>20040101</pubdate>
<title>MPD Addresses</title>
</citeinfo>
</srccite>
<typesrc>None</typesrc>
<srccitea>MPD Addresses</srccitea>
<srccontr>location and attribution</srccontr>
</srcinfo>
<procstep>
<procdesc>The Address Point Creation and verification Process: ARCBridge Consulting reviewed 15 address databases identified as source material for the MAR. Addresses of each dataset were parsed, validated, and verified against the initial Master Address Table (MAT) created using the OTR database. All unverified and invalid addresses were manually reviewed. Addresses, which were invalid due to missing address components, were further examined in the manual process. The manual review was based on the following information: Street Name, Street Range, Building Polygons, Property Scanned Images, and the Ortho. MAR addresses were also tested against the Mobile data as Mobile addresses were verified by field verification and thus more accurate. The manual review was based on the 1999 planimetric data provided by OCTO, predominantly on buildings and street centerlines. Therefore, accuracy of addresses depended somewhat on the accuracy and currentness of the planimetric data. As a result, manual review was limited by the planimetric data and the owner point X,Y coordinates provided by OCTO. The address points were primarily created from the 'Ownerpoints' database from the DC Office of Tax and Revenue (OTR) given to ARCBridge by DC OCTO. OTR: 172,470 Phase I: The 'Premiseadd' field was parsed to separate the address components. Addresses with the above mentioned components were treated as complete address. Staff checked whether the X,Y values of the complete addresses existed. If a good address didn't have X,Y values, then it was added. Addresses were manually reviewed to check the address location. Addresses, whose street number, name, and location matched, were treated as complete and added to MAR. Phase II: The addresses from the 'Address 2' field were processed, as while reviewing a number of addresses in the 'Address2' field appear correct. Staff checked whether the X,Y values of the complete addresses existed. If a good address didn't have X,Y values, then it was added. Addresses were manually reviewed to check the address location. Addresses, whose street number, name, and location matched, were treated as complete and added to MAR. Phase III: The remaining addresses that either had missing component or didn't appear correct were manually reviewed. Addresses components were then reviewed. For example: If the street type was missing or wrong and all the other components like street name, number, and location were correct, then the street type was added or changed. Staff checked whether the X,Y values of the complete addresses exist or not. If a good address didn't have X,Y values, then it was added. These modified addresses were added to the MAR. Phase IV: The remaining addresses that could not be verified, didn't appear correct, or were ambiguous were moved into the comment table. WASA: 132,868 WASA addresses didn't have X,Y values, therefore the addresses were geocoded to add X,Y coordinates. Phase I: The 'Address' field was parsed to separate the address components. Addresses with the above mentioned components were treated as complete addresses. Staff checked whether X,Y values of the complete addresses existed. If any good address didn't have XY values then it was added. Addresses were manually reviewed to check the address location. Addresses, whose street number, name &amp; location matched, were treated as good and complete and added to MAR. Phase II. The remaining addresses that either had a missing component or didn't appear correct were manually reviewed. Addresses components were then reviewed. For example: If the street type was missing or wrong and all the other components like street name, number, and location were correct, then the street type was added or changed. Staff checked whether X,Y values of the complete addresses existed. If a good address didn't have X,Y values, then it was added. These modified addresses were then added to the MAR. Phase III. Addresses that could not be verified, didn't appear correct, or were ambiguous were moved to the comment table. MPD: 269,350 Phase I: The 'Address' field was parsed to separate the address components. Addresses with the above mentioned components were treated as complete addresses. Staff checked whether the X,Y values of the complete addresses existed. If a good address didn't have XY values, then it was added. Addresses were manually reviewed to check their location. Addresses, whose street number, name, and location matched, were treated as complete and added to MAR. Phase II: The remaining Addresses that either contained a missing component or didn't appear correct were manually reviewed. Addresses components were then reviewed. For example: If the street type was missing or wrong and all the other components like street name, number, and location were correct, then the street type was added or changed. Staff checked whether the X,Y values of the complete addresses existed. If a good address didn't have X,Y values, then it was added. These modified addresses were added to the MAR. Phase III: Addresses that couldn't be verified, didn't appear correct, or were ambiguous were moved to the comment table. Numerous MPD addresses were moved to the comments table as most of them appeared theoretical, such as a full address with no associated building. OTR- Mobile Video data: 156,527 Mobile addresses were created and verified at the physical location of the address, thus strengthening the validity of the attribution. Most other source information was generated and verified using manual in-house procedures. Mobile Video addresses were manually reviewed to check the address locations. Addresses, whose street number, name, and location matched, were treated as valid. The remaining addresses were moved to the comments table. Addresses with comments were manually reviewed. Addresses components were reviewed, for example: If type was missing or wrong and all the other components like street name, number &amp; location were correct then type was added/changed. These modified correct addresses were moved out of the Comment table and added to the valid Mobile Video address table. Many of the same procedures were run on the remaining source datasets: DMV - Registered Vehicles - 53,507 DMV - Drivers License: - 140,595 D&amp;B - Business: - 38,625 MCC - EMA - 195,857 MPD - Street File - 128,699 OTR- Property Owners - 129,800 OTR- Property Inventory - 161,408 BOEE- Registered Voters - 318,318 DOH - 201,796 FEMS - E 911 - 142,407 DDOT- Street Centerline - 33,291 DCRA - New Addresses - 151 Total Address Records Reviewed - 2,275,669 Working with Unverified Addresses: Phase I: The full address field of each dataset was parsed to separate the address components using the MDS Tool. Addresses with the all the required components were treated as complete addresses. All addresses validated and verified. All unverified addresses were manually reviewed to create address points. Unverified addresses were geocoded if the dataset did not have X, Y coordinates. Addresses, whose street number, name, and location matched, were treated as complete and added to MAR. Good addresses that the analyst was unable to verify were placed in the comments table. Phase II: Addresses that either had missing components or didn't appear correct were manually reviewed. Addresses components were then reviewed. For example, if the streey type was missing or incorrect and all other components, like street name, number, and location, were correct, then the streey type of the address location type was added or changed. If the street number was missing or incorrect, then the street number range and adjacent building numbers were used to correct or add the street number. If street name was missing or incorrect, then the street name at the address point location was identified and added or modified. If the quad was missing or incorrect, then the quad at the address point location was identified and added or modified. If any address was complete but the address point was at the wrong location, then staff identified the related street name and range from the street centerlines and moved theaddress point to the correct location manually. Then, the moved address points' X,Y values were updated. These modified correct addresses were added to the MAR. Phase III. Staff then completed the comments table. Addresses that couldn't be verified, didn't appear correct, or were ambiguous were moved to the comment table. It contains all of the reject addresses from the 15 source datasets. For more information regarding the construction of the MAR, refer to the "DC Addressing Final Report."</procdesc>
<proccont>
<cntinfo>
<cntorgp>
<cntorg>ARCBridge Consulting and Training, Inc</cntorg>
<cntper>Priti Mathur</cntper>
</cntorgp>
<cntpos>President</cntpos>
<cntaddr>
<addrtype>mailing and physical</addrtype>
<address>203 Elden Street, Suite#3</address>
<city>Herndon</city>
<state>Virginia</state>
<postal>20170</postal>
<country>US</country>
</cntaddr>
<cntvoice>703-834-6511</cntvoice>
<cntfax>703-834-6514</cntfax>
<cntemail>support@arcbridge.com</cntemail>
<hours>8:00 AM - 6:00 PM M-F</hours>
</cntinfo>
</proccont>
</procstep>
<procstep>
<procdesc>To generate the address point feature class, OCTO GIS staff exported the address view from the DC MAR database as a oracle dump file. The address view pulls data from: 1.) DC MAR for address key; 2.) DDOT Street Spatial Database for street information; and 3.) OCTO GIS enterprise geodatabase for square, suffix, and lot (SSL). Staff imported this file into the GIS enterprise geodatabase and created an event theme using the x,y coordinates. The event theme was converted to a feature class. Staff then overlayed the feature class with the following layers: - 2002 ANC - 2002 Ward - Police Service Area - Police District - Police Regional Operations Command - Zip Code - Neighborhood - Neighborhood Cluster - 2002 SMD - Voting Precinct - Census Tract Staff then regenerated the address view to capture SSL values. This information was added to the address point layer.</procdesc>
<proccont>
<cntinfo>
<cntorgp>
<cntorg>Office of the Chief Technology Officer</cntorg>
<cntper>GIS Data Coordinator</cntper>
</cntorgp>
<cntaddr>
<addrtype>mailing and physical</addrtype>
<address>441 4th St NW, Suite 930 South</address>
<city>Washington</city>
<state>DC</state>
<postal>20001</postal>
<country>US</country>
</cntaddr>
<cntfax>202-727-5660</cntfax>
<cntemail>dcgis@dc.gov</cntemail>
<hours>8:30am - 5:30pm</hours>
</cntinfo>
</proccont>
</procstep>
</lineage>
</dataqual>
<spdoinfo>
<direct>Vector</direct>
<ptvctinf>
<sdtsterm>
<ptvctcnt>145273</ptvctcnt>
</sdtsterm>
</ptvctinf>
</spdoinfo>
<eainfo>
<detailed>
<enttyp>
<enttypl>DCGIS.AddressPt</enttypl>
</enttyp>
<attr>
<attrlabl>NEWCOMMSELECT06</attrlabl>
<attrdef>Address location New Community Selected 2006</attrdef>
</attr>
<attr>
<attrlabl>SE_ANNO_CAD_DATA</attrlabl>
<attrdef>SDO data type</attrdef>
</attr>
<attr>
<attrlabl>CENSUS_BLOCKGROUP</attrlabl>
<attrdef>Census Block Group value</attrdef>
</attr>
<attr>
<attrlabl>LATITUDE</attrlabl>
<attrdef>Latitude of address</attrdef>
</attr>
<attr>
<attrlabl>WARD_2002</attrlabl>
</attr>
<attr>
<attrlabl>ANC</attrlabl>
<attrdef>Address location Advisory Neighborhood Commission</attrdef>
</attr>
<attr>
<attrlabl>TYPE_</attrlabl>
<attrdef>Address Type</attrdef>
<attrdomv>
					<edom>
						<edomv>Place</edomv>
						<edomvd>Location does not have a full address</edomvd>
					</edom>
				</attrdomv>
</attr>
<attr>
<attrlabl>SUFFIX</attrlabl>
<attrdef>Address location property suffix</attrdef>
</attr>
<attr>
<attrlabl>ENTRANCETYPE</attrlabl>
<attrdef>Address entrance type</attrdef>
</attr>
<attr>
<attrlabl>QUADRANT</attrlabl>
<attrdef>Address location quadrant name</attrdef>
</attr>
<attr>
<attrlabl>ADDRESS_ID</attrlabl>
<attrdef>Address identifier</attrdef>
</attr>
<attr>
<attrlabl>STATUS</attrlabl>
<attrdef>Status Value</attrdef>
<attrdomv>
					<edom>
						<edomv>TEMPORARY</edomv>
						<edomvds>addresses which will exist for a relatively short period of time. Construction trailers, special event tents may be given this TEMPORARY designation.</edomvds>
					</edom>
				</attrdomv>
</attr>
<attr>
<attrlabl>LOT</attrlabl>
<attrdef>Address location property lot</attrdef>
</attr>
<attr>
<attrlabl>YCOORD</attrlabl>
<attrdef>Y Coordinate of Address Point</attrdef>
</attr>
<attr>
<attrlabl>LONGITUDE</attrlabl>
<attrdef>Longitude of Address</attrdef>
</attr>
<attr>
<attrlabl>SMD_2002</attrlabl>
</attr>
<attr>
<attrlabl>ASSESSMENT_SUBNBHD</attrlabl>
<attrdef>Address Assessment SubNeighborhood Name</attrdef>
</attr>
<attr>
<attrlabl>SMD</attrlabl>
<attrdef>Address location Single Member District</attrdef>
</attr>
<attr>
<attrlabl>STATE</attrlabl>
<attrdef>Address location state name</attrdef>
</attr>
<attr>
<attrlabl>SSL</attrlabl>
<attrdef>Address location Square, Suffix, and Lot</attrdef>
</attr>
<attr>
<attrlabl>STATUS_ID</attrlabl>
<attrdef>Status Identifier</attrdef>
</attr>
<attr>
<attrlabl>METADATA_ID</attrlabl>
<attrdef>Metadata Identifier</attrdef>
</attr>
<attr>
<attrlabl>NATIONALGRID</attrlabl>
<attrdef>Address location national grid coordinate</attrdef>
</attr>
<attr>
<attrlabl>ZIPCODE4</attrlabl>
<attrdef>Address location Zip +4 Code</attrdef>
</attr>
<attr>
<attrlabl>ACTIVE_RES_UNIT_COUNT</attrlabl>
<attrdef>Active Residential Use Count</attrdef>
</attr>
<attr>
<attrlabl>FOCUS_IMPROVEMENT_AREA</attrlabl>
<attrdef>Focus improvement area name</attrdef>
</attr>
<attr>
<attrlabl>CENSUS_BLOCK</attrlabl>
<attrdef>Census Block Value Address is in</attrdef>
</attr>
<attr>
<attrlabl>WARD_2012</attrlabl>
</attr>
<attr>
<attrlabl>ACTIVE_RES_OCCUPANCY_COUNT</attrlabl>
<attrdef>Number of Housing Units at the primary address</attrdef>
</attr>
<attr>
<attrlabl>ROC</attrlabl>
<attrdef>Address location regional operations command area</attrdef>
</attr>
<attr>
<attrlabl>CENSUS_TRACT</attrlabl>
<attrdef>Address location census tract</attrdef>
</attr>
<attr>
<attrlabl>POLDIST</attrlabl>
<attrdef>Address location police district</attrdef>
</attr>
<attr>
<attrlabl>ASSESSMENT_NBHD</attrlabl>
<attrdef>Address Assessment Neighborhood Name</attrdef>
</attr>
<attr>
<attrlabl>VOTE_PRCNCT</attrlabl>
<attrdef>Address location voting precinct</attrdef>
</attr>
<attr>
<attrlabl>ZIPCODE</attrlabl>
<attrdef>Address location Zip code</attrdef>
</attr>
<attr>
<attrlabl>OBJECTID_12</attrlabl>
<attrdef>Internal feature number.</attrdef>
<attrdefs>ESRI</attrdefs>
<attrdomv>
					<udom>Sequential unique whole numbers that are automatically generated.</udom>
				</attrdomv>
</attr>
<attr>
<attrlabl>CLUSTER_</attrlabl>
<attrdef>Address location neighborhood cluster name</attrdef>
</attr>
<attr>
<attrlabl>PSA</attrlabl>
<attrdef>Address location Police Service Area</attrdef>
</attr>
<attr>
<attrlabl>CITY</attrlabl>
<attrdef>Address location city</attrdef>
</attr>
<attr>
<attrlabl>SITE_ADDRESS_PK</attrlabl>
<attrdef>Address Identifier</attrdef>
</attr>
<attr>
<attrlabl>ADDRNUMSUFFIX</attrlabl>
<attrdef>Address location house number suffix</attrdef>
</attr>
<attr>
<attrlabl>HOTSPOT</attrlabl>
<attrdef>Address location hot spot</attrdef>
</attr>
<attr>
<attrlabl>OBJECTID</attrlabl>
<attrdef>Internal feature number.</attrdef>
<attrdefs>ESRI</attrdefs>
<attrdomv>
					<udom>Sequential unique whole numbers that are automatically generated.</udom>
				</attrdomv>
</attr>
<attr>
<attrlabl>RES_TYPE</attrlabl>
<attrdef>Residential Type</attrdef>
<attrdomv>
					<edom>
						<edomv>Mixed - Use</edomv>
					</edom>
				</attrdomv>
</attr>
<attr>
<attrlabl>SMD_2012</attrlabl>
</attr>
<attr>
<attrlabl>ANC_2012</attrlabl>
</attr>
<attr>
<attrlabl>ANC_2002</attrlabl>
</attr>
<attr>
<attrlabl>CFSA_NAME</attrlabl>
<attrdef>Address CFSA area name</attrdef>
</attr>
<attr>
<attrlabl>NEWCOMMCANDIDATE</attrlabl>
<attrdef>Address location New Community Candidate</attrdef>
</attr>
<attr>
<attrlabl>SHAPE</attrlabl>
<attrdef>Shape geometry</attrdef>
<attrdefs>ESRI</attrdefs>
<attrdomv>
					<udom>Coordinates defining the features.</udom>
				</attrdomv>
</attr>
<attr>
<attrlabl>WARD</attrlabl>
<attrdef>Address location Ward name</attrdef>
</attr>
<attr>
<attrlabl>ADDRNUM</attrlabl>
<attrdef>Address location house number</attrdef>
</attr>
<attr>
<attrlabl>STNAME</attrlabl>
<attrdef>Address location street name</attrdef>
</attr>
<attr>
<attrlabl>ROADWAYSEGID</attrlabl>
<attrdef>Roadway Segment Identifier</attrdef>
</attr>
<attr>
<attrlabl>OBJECTID_1</attrlabl>
<attrdef>Internal feature number.</attrdef>
<attrdefs>ESRI</attrdefs>
<attrdomv>
					<udom>Sequential unique whole numbers that are automatically generated.</udom>
				</attrdomv>
</attr>
<attr>
<attrlabl>STREET_TYPE</attrlabl>
<attrdef>Address location street type</attrdef>
</attr>
<attr>
<attrlabl>FULLADDRESS</attrlabl>
<attrdef>House number, street name, street type, and quadrant</attrdef>
</attr>
<attr>
<attrlabl>SQUARE</attrlabl>
<attrdef>Address location property square</attrdef>
</attr>
<attr>
<attrlabl>XCOORD</attrlabl>
<attrdef>X Coordinate of Address Point</attrdef>
</attr>
</detailed>
</eainfo>
<distinfo>
<distrib>
<cntinfo>
<cntorgp>
<cntorg>D.C. Office of the Chief Technology Officer</cntorg>
<cntper>GIS Data Coordinator</cntper>
</cntorgp>
<cntaddr>
<addrtype>mailing and physical</addrtype>
<address>441 4th St NW, Suite 930 South</address>
<city>Washington</city>
<state>DC</state>
<postal>20001</postal>
<country>US</country>
</cntaddr>
<cntfax>(202) 727-5660</cntfax>
<cntemail>dcgis@dc.gov</cntemail>
<hours>8:30 am - 5 pm</hours>
</cntinfo>
</distrib>
<distliab>Acknowledgment of the DC Geographic Information Systems Program (DC GIS). The District of Columbia Government makes no claims as to the completeness, accuracy or content of any data contained hereon, and makes no representation of any kind, including, but not limited to, the warranty of the accuracy or fitness for a particular use, nor are any such warranties to be implied or inferred with respect to the information or data furnished herein.</distliab>
<custom>Most DC GIS datasets can be downloaded from "http://dcgis.dc.gov" on the data center page. Orders can also be made by contacting OCTO GIS at "dcgis@dc.gov", especially for datasets not available for download.</custom>
</distinfo>
<metainfo>
<metd>20110909</metd>
<metrd>8/31/2005</metrd>
<metc>
<cntinfo>
<cntorgp>
<cntorg>D.C. Office of the Chief Technology Officer</cntorg>
<cntper>GIS Data Coordinator</cntper>
</cntorgp>
<cntaddr>
<addrtype>mailing and physical</addrtype>
<address>441 4th St NW, Suite 930 South</address>
<city>Washington</city>
<state>DC</state>
<postal>20001</postal>
<country>US</country>
</cntaddr>
<cntvoice>REQUIRED: The telephone number by which individuals can speak to the organization or individual.</cntvoice>
<cntfax>(202) 727-5660</cntfax>
<cntemail>dcgis@dc.gov</cntemail>
<hours>8:30 am - 5:30 pm</hours>
</cntinfo>
</metc>
<metstdn>FGDC Content Standard for Digital Geospatial Metadata</metstdn>
<metstdv>FGDC-STD-001-1998</metstdv>
<mettc>local time</mettc>
</metainfo>
</metadata>
